<?xml version="1.0" encoding="UTF-8"?>
<services version="1.0">
    <container id="quanticpriests_container" version="1.0">
        <search></search>
        <document-api></document-api>
        <document-processing></document-processing>
    </container>
    <content id="quanticpriests_content" version="1.0">
        <redundancy>1</redundancy>
        <documents>
            <document type="quanticpriests" mode="index"></document>
        </documents>
        <nodes>
            <node distribution-key="0" hostalias="node1"></node>
        </nodes>
    </content>
</services>