<?xml version="1.0" encoding="UTF-8"?>
<services version="1.0">
    <container id="beer_container" version="1.0">
        <search></search>
        <document-api></document-api>
        <document-processing></document-processing>
        <component id="mxbai-old" type="hugging-face-embedder">
            <transformer-model url="https://huggingface.co/mixedbread-ai/mxbai-embed-xsmall-v1/resolve/main/onnx/model_q4.onnx"/>
            <tokenizer-model url="https://huggingface.co/mixedbread-ai/mxbai-embed-xsmall-v1/resolve/main/tokenizer.json"/>
        </component>
        <model-evaluation/>
    </container>
    <content id="beer_content" version="1.0">
        <redundancy>1</redundancy>
        <documents>
            <document type="beer" mode="index"></document>
        </documents>
        <nodes>
            <node distribution-key="0" hostalias="node1"></node>
        </nodes>
    </content>
</services>