<?xml version="1.0" encoding="UTF-8"?>
<services version="1.0">
    <container id="project_container" version="1.0">
        <document-api></document-api>
        <search></search>
        <document-processing></document-processing>

    </container>
    <content id="project_content" version="1.0">
        <redundancy>1</redundancy>
        <documents>
            <document type="project" mode="index"></document>
        </documents>
        <nodes>
            <node distribution-key="0" hostalias="node1"></node>
        </nodes>

        <tuning>
            <resource-limits>
                <disk>0.99</disk>
                <memory>0.77</memory>
            </resource-limits>
        </tuning>
    </content>
</services>
